phish_id,url,phish_detail_url,submission_time,verified,verification_time,online,target
6631004,http://sp477389.sitebeat.site/,http://www.phishtank.com/phish_detail.php?phish_id=6631004,2020-06-15T14:22:48+00:00,yes,2020-08-01T21:13:34+00:00,yes,Other
6624409,http://kuchkuchnights.com/blog?sec=laurinefeiler,http://www.phishtank.com/phish_detail.php?phish_id=6624409,2020-06-11T18:10:48+00:00,yes,2020-06-11T19:16:43+00:00,yes,Other
6624408,http://kuchkuchnights.com/2222?sec=franziskaoppermann,http://www.phishtank.com/phish_detail.php?phish_id=6624408,2020-06-11T18:10:45+00:00,yes,2020-06-11T19:16:43+00:00,yes,Other
6612034,http://latinotravel.cz/images/content/Made-in-China.com/Made-in-China.com.html,http://www.phishtank.com/phish_detail.php?phish_id=6612034,2020-06-04T14:02:21+00:00,yes,2020-06-04T14:10:15+00:00,yes,Other
6601232,http://match.lookatmynewphotos.com/,http://www.phishtank.com/phish_detail.php?phish_id=6601232,2020-05-29T02:10:08+00:00,yes,2020-06-01T02:33:07+00:00,yes,Other
6594402,https://att5.godaddysites.com/,http://www.phishtank.com/phish_detail.php?phish_id=6594402,2020-05-25T17:32:33+00:00,yes,2024-03-07T02:13:44+00:00,yes,Other
6586498,http://9d62cfee-59b3-42a8-9542-4b3a32692792.htmlcomponentservice.com/get_draft?id=9d62cf_b629798a3637a0ea5eb0bf9dd9f6992d.html,http://www.phishtank.com/phish_detail.php?phish_id=6586498,2020-05-22T03:10:43+00:00,yes,2020-05-22T06:35:46+00:00,yes,Other
6563511,https://c6ebv708.caspio.com/dp/d6c780006a54df419b5d4f2fa3fe,http://www.phishtank.com/phish_detail.php?phish_id=6563511,2020-05-13T00:54:03+00:00,yes,2020-07-25T07:54:55+00:00,yes,Microsoft
6532256,http://hollykim.com/bbs_/f9ebaa/hvsjhhvs33/,http://www.phishtank.com/phish_detail.php?phish_id=6532256,2020-04-27T14:04:15+00:00,yes,2020-04-27T14:12:51+00:00,yes,Other
6532255,http://hollykim.com/bbs_/f9ebaa/hvsjhhvs33,http://www.phishtank.com/phish_detail.php?phish_id=6532255,2020-04-27T14:04:13+00:00,yes,2020-04-27T14:12:51+00:00,yes,Other
6494460,https://att1.godaddysites.com/,http://www.phishtank.com/phish_detail.php?phish_id=6494460,2020-04-08T18:39:56+00:00,yes,2020-04-08T21:35:35+00:00,yes,Other
6482568,https://att7.godaddysites.com/,http://www.phishtank.com/phish_detail.php?phish_id=6482568,2020-04-02T13:16:07+00:00,yes,2020-04-02T20:37:21+00:00,yes,Other
6461225,http://www.stevencrews.com/soff/english%20newchn/newchn/index.php,http://www.phishtank.com/phish_detail.php?phish_id=6461225,2020-03-21T14:03:47+00:00,yes,2020-03-21T14:12:31+00:00,yes,Other
6405040,http://kuchkuchnights.com/2222/?sec=FranziskaOppermann,http://www.phishtank.com/phish_detail.php?phish_id=6405040,2020-02-16T20:01:29+00:00,yes,2020-02-27T07:27:09+00:00,yes,Other
6380478,https://ersfilter-my.sharepoint.com/personal/nradonich_ersfilter_com/_layouts/15/WopiFrame.aspx?guestaccesstoken=6yWMLBQi9%20SJfgzhADHvte2gYoWjf83IQBjRjehiK4s=&amp;docid=1_135f7008dfbfa44e6b09dab0eb165b997&amp;wdFormId={E037F2D9-5DAA-4916-BA03-EB11D0AA6DEA}&amp;action=formsubmit,http://www.phishtank.com/phish_detail.php?phish_id=6380478,2020-02-01T07:00:21+00:00,yes,2020-02-05T01:06:54+00:00,yes,Other
6379541,https://ersfilter-my.sharepoint.com/:x:/r/personal/nradonich_ersfilter_com/_layouts/15/WopiFrame.aspx?guestaccesstoken=t6T%2fHN1dKbYHlYX%2beIMbaZufA43rrGZ6%2faAAewNocDI%3d&docid=1_18168db23429e45f29fdf2e7be120efc4&wdFormId=%7BB9970F62%2D44C3%2D4D09%2D9929%2D6E1EB652DA57%7D&action=formsubmit,http://www.phishtank.com/phish_detail.php?phish_id=6379541,2020-01-31T16:21:18+00:00,yes,2020-02-05T01:05:30+00:00,yes,Other
6377641,https://ersfilter-my.sharepoint.com/personal/nradonich_ersfilter_com/_layouts/15/WopiFrame.aspx?guestaccesstoken=6yWMLBQi9%2bSJfgzhADHvte2gYoWjf83IQBjRjehiK4s%3d&docid=1_135f7008dfbfa44e6b09dab0eb165b997&wdFormId=%7BE037F2D9%2D5DAA%2D4916%2DBA03%2DEB11D0AA6DEA%7D&action=formsubmit,http://www.phishtank.com/phish_detail.php?phish_id=6377641,2020-01-30T17:29:30+00:00,yes,2020-02-01T04:27:21+00:00,yes,Other
6375888,https://storage.cloud.google.com/user517497679326978.appspot.com/index.html,http://www.phishtank.com/phish_detail.php?phish_id=6375888,2020-01-29T14:29:39+00:00,yes,2020-02-04T04:38:01+00:00,yes,Other
6371996,https://livenmitac-my.sharepoint.com/personal/hannah-daly_live_nmit_ac_nz/_layouts/15/WopiFrame.aspx?guestaccesstoken=IA5UzzOn3iViKU4F3pXemYHHABfWkPDjiRPFTFEaR/k=&amp;docid=1_169208e425ed84fea9fd294a6886d67e9&amp;wdFormId={06255F86-4BF9-4EE8-BD7E-FEF81913A79B}&amp;action=formsubmit,http://www.phishtank.com/phish_detail.php?phish_id=6371996,2020-01-27T02:00:30+00:00,yes,2020-02-01T07:21:12+00:00,yes,Other
6367182,https://app.box.com/s/ymr0ltw3hmn8icxebz16gjhcyhqa49w4,http://www.phishtank.com/phish_detail.php?phish_id=6367182,2020-01-22T19:57:55+00:00,yes,2020-01-26T22:41:28+00:00,yes,Other
6367028,https://livenmitac-my.sharepoint.com/personal/hannah-daly_live_nmit_ac_nz/_layouts/15/WopiFrame.aspx?guestaccesstoken=IA5UzzOn3iViKU4F3pXemYHHABfWkPDjiRPFTFEaR%2fk%3d&docid=1_169208e425ed84fea9fd294a6886d67e9&wdFormId=%7B06255F86%2D4BF9%2D4EE8%2DBD7E%2DFEF81913A79B%7D&action=formsubmit,http://www.phishtank.com/phish_detail.php?phish_id=6367028,2020-01-22T17:49:48+00:00,yes,2020-01-26T22:40:39+00:00,yes,Other
6358627,https://superpark-my.sharepoint.com/:x:/r/personal/adrian_ramos_superpark_com_hk/_layouts/15/WopiFrame.aspx?guestaccesstoken=voFjngnui%2fsLbamEOrLq62QlG8McDnpo1DIZU6I%2bc1M%3d&amp;docid=1_124bbb2f682ca4c7daba6cec6ee34dfb9&amp;wdFormId=%7BA85C8ABE%2D68BE%2D43DD%2D91F3%2DB397386186BE%7D&amp;action=formsubmit,http://www.phishtank.com/phish_detail.php?phish_id=6358627,2020-01-15T19:03:41+00:00,yes,2020-01-18T05:49:26+00:00,yes,Microsoft
6281099,https://paymentnotificationnow.blogspot.com/,http://www.phishtank.com/phish_detail.php?phish_id=6281099,2019-11-14T20:00:58+00:00,yes,2019-11-15T22:31:54+00:00,yes,Other
6265139,https://rediractionid547012016089540218057.blogspot.com/,http://www.phishtank.com/phish_detail.php?phish_id=6265139,2019-11-04T16:16:37+00:00,yes,2019-11-20T07:23:13+00:00,yes,PayPal
6245807,http://xn--ltappen-80a.se/_default.asp,http://www.phishtank.com/phish_detail.php?phish_id=6245807,2019-10-19T02:10:20+00:00,yes,2019-10-19T02:44:20+00:00,yes,Other
6233513,https://sofe-firma.firebaseapp.com/,http://www.phishtank.com/phish_detail.php?phish_id=6233513,2019-10-10T00:35:41+00:00,yes,2019-10-10T00:36:53+00:00,yes,Other
6222448,http://phreshphoto.com/Parppea/ourtime123/ourtime.php,http://www.phishtank.com/phish_detail.php?phish_id=6222448,2019-10-02T14:07:30+00:00,yes,2019-10-24T20:13:36+00:00,yes,Other
6213915,http://encryptdrive.booogle.net/?state={ids:[1zsW2sDoRx1jgl1y1_XDtGIxXpkoMS27F],http://www.phishtank.com/phish_detail.php?phish_id=6213915,2019-09-26T17:00:25+00:00,yes,2019-11-24T10:30:37+00:00,yes,Other
6188382,https://app.box.com/s/x6agocx9zvj049azirk4aw3xrqdedqhl,http://www.phishtank.com/phish_detail.php?phish_id=6188382,2019-09-06T16:38:06+00:00,yes,2019-09-16T10:09:48+00:00,yes,Microsoft
6136291,https://wireconfirmation68c10a25442a3e13.blogspot.com/,http://www.phishtank.com/phish_detail.php?phish_id=6136291,2019-07-26T14:05:43+00:00,yes,2019-07-26T14:10:10+00:00,yes,Microsoft
6128477,http://amidabuli.com/,http://www.phishtank.com/phish_detail.php?phish_id=6128477,2019-07-21T02:57:19+00:00,yes,2019-07-21T04:51:08+00:00,yes,Other
6078681,http://hutoknepper.de/,http://www.phishtank.com/phish_detail.php?phish_id=6078681,2019-06-15T05:01:29+00:00,yes,2019-06-15T05:04:48+00:00,yes,Other
6004978,http://clients.devtux.com/updates/payment/mweb.html,http://www.phishtank.com/phish_detail.php?phish_id=6004978,2019-04-10T08:29:15+00:00,yes,2019-04-16T00:13:18+00:00,yes,Other
6002698,http://autoscurt24.de/90n8sne7sh74sw/8j8ah7hs7g37sh74s3/ma8he7sh7hs7e/ma78ah7ehs7ehs4d/m8he76hsx873433/ma8he7s4f45fvuuhs878grd/na7h7e8xhe78dh8eddrfc/login.html,http://www.phishtank.com/phish_detail.php?phish_id=6002698,2019-04-08T21:45:41+00:00,yes,2019-04-15T11:32:22+00:00,yes,Other
5952974,http://everestmotors.com.np/style/gallery/est/verification.php,http://www.phishtank.com/phish_detail.php?phish_id=5952974,2019-03-01T07:20:31+00:00,yes,2019-03-02T20:02:29+00:00,yes,Other
5947736,http://fb7927.bget.ru/to.php?id=1,http://www.phishtank.com/phish_detail.php?phish_id=5947736,2019-02-24T20:52:54+00:00,yes,2019-03-15T13:04:50+00:00,yes,Other
5883811,http://rbcmontgomery.com/wp-admin/js/widgets/PDF,http://www.phishtank.com/phish_detail.php?phish_id=5883811,2018-12-22T14:40:48+00:00,yes,2019-01-03T19:53:03+00:00,yes,Other
5883812,http://rbcmontgomery.com/wp-admin/js/widgets/PDF/,http://www.phishtank.com/phish_detail.php?phish_id=5883812,2018-12-22T14:40:48+00:00,yes,2018-12-24T01:56:13+00:00,yes,Other
5883588,http://www.john-ashley.de/bbmt/bbmtlogin.php,http://www.phishtank.com/phish_detail.php?phish_id=5883588,2018-12-22T05:47:28+00:00,yes,2019-01-09T01:03:00+00:00,yes,PayPal
5841106,https://vipfbtools.com,http://www.phishtank.com/phish_detail.php?phish_id=5841106,2018-11-12T06:10:42+00:00,yes,2018-11-19T12:33:55+00:00,yes,Other
5838215,http://www.unisonsouthayr.org.uk/index.html,http://www.phishtank.com/phish_detail.php?phish_id=5838215,2018-11-08T09:14:34+00:00,yes,2018-11-12T22:21:46+00:00,yes,Other
5806413,http://www.imcreator.com/viewer/vbid-fa0f29d5-fpsjmms8,http://www.phishtank.com/phish_detail.php?phish_id=5806413,2018-10-05T18:50:54+00:00,yes,2018-10-19T06:49:13+00:00,yes,Other
5803413,https://wana78420.myfreesites.net/,http://www.phishtank.com/phish_detail.php?phish_id=5803413,2018-10-03T05:54:03+00:00,yes,2018-10-03T08:32:06+00:00,yes,Orange
5802902,https://3rdstreetmarket.com/wp-content/themes/3rdst/8-login-form/,http://www.phishtank.com/phish_detail.php?phish_id=5802902,2018-10-02T18:07:29+00:00,yes,2018-10-06T16:40:43+00:00,yes,Other
5801730,https://www.freeliker.net/,http://www.phishtank.com/phish_detail.php?phish_id=5801730,2018-10-01T19:54:16+00:00,yes,2018-10-04T09:52:07+00:00,yes,Facebook
5801722,https://getlikesfree.com/,http://www.phishtank.com/phish_detail.php?phish_id=5801722,2018-10-01T19:50:10+00:00,yes,2019-05-13T23:42:46+00:00,yes,Facebook
5801712,https://www.officialliker.co/,http://www.phishtank.com/phish_detail.php?phish_id=5801712,2018-10-01T19:47:50+00:00,yes,2018-10-04T09:24:13+00:00,yes,Facebook
5780532,https://bienvenueorange1.godaddysites.com/,http://www.phishtank.com/phish_detail.php?phish_id=5780532,2018-09-11T17:41:17+00:00,yes,2018-09-13T10:40:11+00:00,yes,Other
5777189,https://vocal1.godaddysites.com/,http://www.phishtank.com/phish_detail.php?phish_id=5777189,2018-09-07T14:10:07+00:00,yes,2018-09-07T19:14:15+00:00,yes,Other
5740921,https://souaxwaoh.myfreesites.net/,http://www.phishtank.com/phish_detail.php?phish_id=5740921,2018-08-06T10:12:42+00:00,yes,2018-08-07T14:14:08+00:00,yes,Other
5740920,https://smsverificationmms.myfreesites.net/,http://www.phishtank.com/phish_detail.php?phish_id=5740920,2018-08-06T10:12:37+00:00,yes,2018-08-10T02:58:32+00:00,yes,Other
5740919,https://smsorangesmsmessage.myfreesites.net/,http://www.phishtank.com/phish_detail.php?phish_id=5740919,2018-08-06T10:12:32+00:00,yes,2018-08-06T19:14:13+00:00,yes,Other
5740917,https://smsorangephonemail.myfreesites.net/,http://www.phishtank.com/phish_detail.php?phish_id=5740917,2018-08-06T10:12:19+00:00,yes,2018-08-06T23:20:21+00:00,yes,Other
5740916,https://prosxsiuser.myfreesites.net/,http://www.phishtank.com/phish_detail.php?phish_id=5740916,2018-08-06T10:12:14+00:00,yes,2018-08-09T18:16:32+00:00,yes,Other
5729919,https://proorange.godaddysites.com/,http://www.phishtank.com/phish_detail.php?phish_id=5729919,2018-07-26T16:15:55+00:00,yes,2018-07-31T13:09:00+00:00,yes,Other
5728643,https://orangefr5.godaddysites.com/,http://www.phishtank.com/phish_detail.php?phish_id=5728643,2018-07-24T05:49:29+00:00,yes,2018-07-26T01:16:50+00:00,yes,Orange
5725581,https://serviceorange7.godaddysites.com/,http://www.phishtank.com/phish_detail.php?phish_id=5725581,2018-07-18T08:41:49+00:00,yes,2018-07-19T09:32:54+00:00,yes,Other
5718653,https://orange241.godaddysites.com/,http://www.phishtank.com/phish_detail.php?phish_id=5718653,2018-07-09T18:52:19+00:00,yes,2018-07-10T02:15:56+00:00,yes,Other
5715514,https://orange65.godaddysites.com/,http://www.phishtank.com/phish_detail.php?phish_id=5715514,2018-07-06T02:50:17+00:00,yes,2018-07-09T02:46:06+00:00,yes,Orange
5712810,https://messagerieorange5.godaddysites.com/,http://www.phishtank.com/phish_detail.php?phish_id=5712810,2018-07-03T01:42:03+00:00,yes,2018-07-03T16:30:16+00:00,yes,Other
5691624,https://orange14.godaddysites.com/,http://www.phishtank.com/phish_detail.php?phish_id=5691624,2018-06-11T14:19:08+00:00,yes,2018-06-11T20:40:42+00:00,yes,Other
5681627,http://www.formbuddy.com/cgi-bin/formdisp.pl?u=adminnet&amp;f=mailcenter,http://www.phishtank.com/phish_detail.php?phish_id=5681627,2018-05-31T14:26:50+00:00,yes,2018-06-03T23:37:12+00:00,yes,Other
5681625,http://www.formbuddy.com/cgi-bin/formdisp.pl?u=adminnet&f=mailcenter,http://www.phishtank.com/phish_detail.php?phish_id=5681625,2018-05-31T14:26:20+00:00,yes,2018-06-03T23:37:54+00:00,yes,Other
5629927,https://identifiez-vous5.godaddysites.com/,http://www.phishtank.com/phish_detail.php?phish_id=5629927,2018-05-17T11:06:17+00:00,yes,2018-05-18T00:59:26+00:00,yes,Other
5551428,http://emailsettings.webflow.io/,http://www.phishtank.com/phish_detail.php?phish_id=5551428,2018-03-26T14:40:17+00:00,yes,2018-04-14T20:14:06+00:00,yes,Other
5536001,http://souaxwaoh.myfreesites.net/,http://www.phishtank.com/phish_detail.php?phish_id=5536001,2018-03-17T17:47:27+00:00,yes,2018-04-02T02:10:42+00:00,yes,Other
5526047,https://alareentading-catalog.page.tl/,http://www.phishtank.com/phish_detail.php?phish_id=5526047,2018-03-13T01:45:14+00:00,yes,2018-04-07T18:26:44+00:00,yes,Other
5509088,http://www.imxprs.com/free/emailupdatee/owaweb,http://www.phishtank.com/phish_detail.php?phish_id=5509088,2018-03-03T15:49:45+00:00,yes,2018-03-03T22:10:02+00:00,yes,Microsoft
5494093,http://vtxmail2018.myfreesites.net/,http://www.phishtank.com/phish_detail.php?phish_id=5494093,2018-02-23T12:51:51+00:00,yes,2018-03-15T02:17:30+00:00,yes,Other
5477880,http://smsenligne.myfreesites.net/,http://www.phishtank.com/phish_detail.php?phish_id=5477880,2018-02-13T10:36:08+00:00,yes,2018-02-18T20:23:02+00:00,yes,Other
5460639,http://vxdse.myfreesites.net/,http://www.phishtank.com/phish_detail.php?phish_id=5460639,2018-02-02T12:21:07+00:00,yes,2018-02-12T07:09:22+00:00,yes,Other
5459410,http://templat65sldh.myfreesites.net/,http://www.phishtank.com/phish_detail.php?phish_id=5459410,2018-02-01T19:31:59+00:00,yes,2018-02-18T20:11:37+00:00,yes,Other
5417580,http://studio-taddei.it/hipto/New%20folder/Indexxatt.htm,http://www.phishtank.com/phish_detail.php?phish_id=5417580,2018-01-08T19:43:24+00:00,yes,2018-01-08T20:35:26+00:00,yes,Other
5409597,http://www.imxprs.com/free/webmaiil/accounttportal,http://www.phishtank.com/phish_detail.php?phish_id=5409597,2018-01-03T00:51:46+00:00,yes,2018-07-13T01:08:09+00:00,yes,Other
5389497,http://unam.myfreesites.net/,http://www.phishtank.com/phish_detail.php?phish_id=5389497,2017-12-19T01:45:14+00:00,yes,2017-12-19T14:48:22+00:00,yes,Other
5372949,http://starttsboxfile.myfreesites.net/,http://www.phishtank.com/phish_detail.php?phish_id=5372949,2017-12-08T23:31:02+00:00,yes,2018-02-15T09:28:20+00:00,yes,Other
5270040,http://electrocoolhvacr.com/control/163/163xffrxxzzz.htm,http://www.phishtank.com/phish_detail.php?phish_id=5270040,2017-10-08T02:42:53+00:00,yes,2017-11-13T09:47:42+00:00,yes,Other
5251227,http://repl-mess.myfreesites.net/,http://www.phishtank.com/phish_detail.php?phish_id=5251227,2017-09-26T00:04:14+00:00,yes,2018-01-10T08:21:04+00:00,yes,Other
5173568,http://good12345.tripod.com/,http://www.phishtank.com/phish_detail.php?phish_id=5173568,2017-08-22T13:13:01+00:00,yes,2017-12-24T16:19:01+00:00,yes,Other
5163494,http://hahdaeupdate.es.tl/,http://www.phishtank.com/phish_detail.php?phish_id=5163494,2017-08-17T05:30:40+00:00,yes,2017-12-26T18:53:51+00:00,yes,Other
5149966,http://www.balajigloves.net/js/attiinnddeexxxbul.php,http://www.phishtank.com/phish_detail.php?phish_id=5149966,2017-08-10T20:02:02+00:00,yes,2024-03-13T20:34:06+00:00,yes,Other
5121017,http://algotextil.com.br/,http://www.phishtank.com/phish_detail.php?phish_id=5121017,2017-07-27T15:38:04+00:00,yes,2018-01-27T14:13:48+00:00,yes,Other
5110544,http://creativeingredient.com/wp-includes/images/verify/update/y.html,http://www.phishtank.com/phish_detail.php?phish_id=5110544,2017-07-22T08:12:37+00:00,yes,2017-09-29T22:16:39+00:00,yes,PayPal
5087233,http://lookatmynewphotos.com/,http://www.phishtank.com/phish_detail.php?phish_id=5087233,2017-07-08T02:51:51+00:00,yes,2017-10-19T06:51:51+00:00,yes,Other
5036462,http://creditiperhabbogratissicuro100.blogspot.it/2011/02/habbo-crediti-gratis-sicuro-100.html,http://www.phishtank.com/phish_detail.php?phish_id=5036462,2017-06-03T23:51:01+00:00,yes,2017-09-07T16:03:39+00:00,yes,"Sulake Corporation"
5012972,http://sertyxese.myfreesites.net/,http://www.phishtank.com/phish_detail.php?phish_id=5012972,2017-05-22T14:26:35+00:00,yes,2017-06-25T05:15:10+00:00,yes,Other
5006466,http://www.imxprs.com/free/outlookwebaccessupgrade/outlookwebaccessupgrade,http://www.phishtank.com/phish_detail.php?phish_id=5006466,2017-05-19T10:54:45+00:00,yes,2017-06-21T21:30:46+00:00,yes,Microsoft
4977357,https://www.markdbeats.com/wp-content/plugins/ubh/2/,http://www.phishtank.com/phish_detail.php?phish_id=4977357,2017-05-03T01:13:49+00:00,yes,2017-05-17T01:58:52+00:00,yes,Other
4977356,https://tinyurl.com/ldkrxlp,http://www.phishtank.com/phish_detail.php?phish_id=4977356,2017-05-03T01:13:48+00:00,yes,2024-02-21T01:05:26+00:00,yes,Other
4870991,http://clubeamigosdopedrosegundo.com.br/last/,http://www.phishtank.com/phish_detail.php?phish_id=4870991,2017-03-12T16:10:50+00:00,yes,2017-05-04T11:02:04+00:00,yes,Other
4781225,http://clubeamigosdopedrosegundo.com.br/list/,http://www.phishtank.com/phish_detail.php?phish_id=4781225,2017-01-31T19:53:22+00:00,yes,2017-04-05T07:57:24+00:00,yes,Other
4755204,http://clubeamigosdopedrosegundo.com.br/list/index.php?email=abuse@brain.net.pk,http://www.phishtank.com/phish_detail.php?phish_id=4755204,2017-01-19T15:59:55+00:00,yes,2017-05-04T15:23:49+00:00,yes,Other
4559045,http://alareentading-catalog.page.tl/,http://www.phishtank.com/phish_detail.php?phish_id=4559045,2016-10-27T05:19:30+00:00,yes,2017-06-18T01:25:32+00:00,yes,Other
4362400,http://whare.100webspace.net/joomla/plugins/fm.htm,http://www.phishtank.com/phish_detail.php?phish_id=4362400,2016-08-11T10:15:49+00:00,yes,2016-08-11T23:31:44+00:00,yes,Other
4173961,http://webmailadmin0.myfreesites.net/,http://www.phishtank.com/phish_detail.php?phish_id=4173961,2016-06-13T00:17:16+00:00,yes,2016-11-18T03:03:26+00:00,yes,Other
3573703,http://www.ezblox.site/free/jennifer111/helpdesk,http://www.phishtank.com/phish_detail.php?phish_id=3573703,2015-11-03T14:41:38+00:00,yes,2016-03-15T18:51:08+00:00,yes,Other
2042606,http://www.formbuddy.com/cgi-bin/formdisp.pl?u=Twice&amp;f=LLM,http://www.phishtank.com/phish_detail.php?phish_id=2042606,2013-09-30T13:24:39+00:00,yes,2013-10-01T13:33:17+00:00,yes,Other
1865971,http://www.formbuddy.com/cgi-bin/formdisp.pl?u=security=M&amp;f=verification,http://www.phishtank.com/phish_detail.php?phish_id=1865971,2013-05-28T15:59:31+00:00,yes,2013-05-28T22:13:12+00:00,yes,Other
1460953,http://www.habbocreditosparati.blogspot.com/,http://www.phishtank.com/phish_detail.php?phish_id=1460953,2012-06-14T15:19:26+00:00,yes,2012-06-14T15:29:11+00:00,yes,"Sulake Corporation"
1123978,http://creditiperhabbogratissicuro100.blogspot.com/2011/02/habbo-crediti-gratis-sicuro-100.html,http://www.phishtank.com/phish_detail.php?phish_id=1123978,2011-02-18T10:50:32+00:00,yes,2011-02-19T00:05:43+00:00,yes,"Sulake Corporation"
